submitted,hash,description
2020-10-01 10:07:16, 823621d08a6e1d56f49d849cc55852a7, downloader Ostap
2020-10-01 10:07:16, 3720523ef42644b37bc895d47b1a5850, downloader Ostap
2020-10-01 10:07:16, 35fb2f1b7db7395a7174d872c4952ac3, downloader Ostap
2020-10-01 10:07:16, 8e5aacbc0e4ff084a0193ba315167f2b, downloader Ostap
2020-10-01 10:07:16, c8719625163f8b2c1a5989f0c7be15e9, downloader Ostap
2020-10-01 10:07:16, 6c08c1019eba95952e5771f71204ebe9, downloader Ostap
2020-10-01 10:07:16, 4bc73cd484291f7918bd7a792517c003, downloader Ostap
2020-10-01 10:07:16, 9e4a5826a1a1cf37b3027322a8e74486, downloader Ostap
2020-10-01 10:07:16, 71cf2e83c2b2a6dcacb5c4de2aeb6f31, downloader Ostap
2020-10-01 10:07:16, b438c4cb55b41712e38324c2bc8d4b15, downloader Ostap
2020-10-01 10:07:16, 1ac591d68489e5a0d5a2eec131b81a8c, downloader Ostap
2020-10-01 10:07:16, 24c5385748073e24b2f7aee6c26ba3b4, downloader Ostap
2020-10-02 13:33:47, 1515a5c693145dfb8b7a81050d4ad7c1, malware Loda RAT
2020-10-02 13:33:47, 19a108631331c5d533b0b0788cabafee, malware Loda RAT
2020-10-02 13:33:47, 55344011c4ecd81be4ad18b091b8028c, malware Loda RAT
2020-10-02 13:33:47, 81d2eacd6fa43b2560865e44a87780a2, malware Loda RAT
2020-10-02 13:33:47, 2d5c61935f9d870e940ec8e7c42ae26b, malware Loda RAT
2020-10-02 13:33:47, 5468137378656f6525ef86b79ab48012, malware Loda RAT
2020-10-02 13:33:47, 010fe248f5c918cea3051df45a64b420, malware Loda RAT
2020-10-02 13:33:47, ab5b9dd6a6650476fc891df0834ee6f0, malware Loda RAT
2020-10-02 13:33:47, 68bd21f2938c88ebecf906e8ec9a9d36, malware Loda RAT
2020-10-04 05:48:10, 02b4f06f45bae4489a44cd7f30a9dc88, trojan Ursnif
2020-10-04 05:48:10, 07440354bfe759a89f7d8aa6cfe7e670, trojan Ursnif
2020-10-04 05:48:10, f7236f06ddec0179188769904f349aed, trojan Ursnif
2020-10-04 05:48:10, 18a90e3e69a1627c95b496360226afd4, trojan Ursnif
2020-10-04 05:48:10, b0131de8218e36cc717e051845fec19c, trojan Ursnif
2020-10-04 05:48:10, b6ad1b515b3e947a0480b9f3e6a2f2ea, trojan Ursnif
2020-10-04 05:48:10, ebce29b5401e5aa3cbc596dde7af96a5, trojan Ursnif
2020-10-04 05:48:10, 58f29480630751af23a725200f7133ff, trojan Ursnif
2020-10-04 05:48:10, 70849df3167ccb1e9dd954ea2973f004, trojan Ursnif
2020-10-04 05:48:10, 8d6fd924b1aab3099d54f518f55a8cd5, trojan Ursnif
2020-10-04 05:48:10, be0e65d90321a7d198cf8dd2a62ff1b2, trojan Ursnif
2020-10-04 05:48:10, 661b2e22dd8797ec9fdee415af86cd3a, trojan Ursnif
2020-10-04 05:48:10, 8919fd3d586788e0beccfecc7c86618e, trojan Ursnif
2020-10-04 05:48:10, 472ace8642e87994658ff5912d12cbce, trojan Ursnif
2020-10-04 05:48:10, 5c2c1bfb6b0de4f406e2b00301f2fc7a, trojan Ursnif
2020-10-04 05:48:10, 60fc642595a024100e8e6c04e113f71a, trojan Ursnif
2020-10-04 05:48:10, 00d65daf5666e254108adee4896b4b46, trojan Ursnif
2020-10-04 05:48:10, 92462dc5ae7eff65e6b7afeddfafa03e, trojan Ursnif
2020-10-04 05:48:10, 840eb763730df1ad034df6d4a3585459, trojan Ursnif
2020-10-04 05:48:10, 2e2e75503a19533d5d471081c6558491, trojan Ursnif
2020-10-04 05:48:10, 1a8500a01bca72cafee84eaea7aec186, trojan Ursnif
2020-10-04 05:48:10, bd8e72fa318b68e7886918e971001078, trojan Ursnif
2020-10-04 05:48:10, 7080b0498a05fbf6e23accd2c61f5f71, trojan Ursnif
2020-10-04 05:48:10, e7b6562e4ee04aebac68ca4fffe8ca77, trojan Ursnif
2020-10-04 05:48:10, 67aff068fc7103ca3f70a45b2d8c34f9, trojan Ursnif
2020-10-04 05:48:10, b37730b267d12a40245b2c0bf0716d04, trojan Ursnif
2020-10-04 05:48:10, 12f0de2343f86e46410448d485a98676, trojan Ursnif
2020-10-04 05:48:10, 2e88437609bd3c3bf5a6686c4022295d, trojan Ursnif
2020-10-04 05:48:10, d6a26d683412a5e2afaa7e25db8e7426, trojan Ursnif
2020-10-04 05:48:10, 460e67e01c06523151165fa4c298d736, trojan Ursnif
2020-10-04 05:48:10, f09a6533bfb3231efed745889ebe5b74, trojan Ursnif
2020-10-04 05:48:10, cf71a14de379dcf5baf058404ac4a53f, trojan Ursnif
2020-10-04 05:48:10, 5d0e7eb5b1980047a50dc38189ee645c, trojan Ursnif
2020-10-04 05:48:10, f8c1ec3a9b186000bbc20b7d5e20c61f, trojan Ursnif
2020-10-04 05:48:10, c3ee5f146bee817863920f1fcfa5af0e, trojan Ursnif
2020-10-04 05:48:10, 220d5cf09d0a75fc7fe2ea396e73fcb3, trojan Ursnif
2020-10-04 05:48:10, 070508048cad4d00503e17b310796624, trojan Ursnif
2020-10-04 05:48:10, 5da66e45b9c3beec851a483bf0e0dbbb, trojan Ursnif
2020-10-04 05:48:10, e693d3b6c812e863c9a1b29e6236aa88, trojan Ursnif
2020-10-04 05:48:10, 302f662391c296c1acde18782258f1ad, trojan Ursnif
2020-10-04 05:48:10, 0eef0f15a6006206bb099f3440491891, trojan Ursnif
2020-10-04 05:48:10, b27bd03021d6c36ecd3bd2f0f9d115bd, trojan Ursnif
2020-10-05 14:59:20, 45d9f6a8e5469e6fa1fcf94e262c75fd, malware MassLogger
2020-10-05 14:59:20, 96e8bfaed10aa7ba8a351b6336562d2e, malware MassLogger
2020-10-05 14:59:20, da06734f45a86b28e5f6e73cdde69ae3, malware MassLogger
2020-10-05 14:59:20, c8324c5592c8d7ddd49d21c5a358126e, malware MassLogger
2020-10-05 14:59:20, 3c6e786aa1a6a6806097098a36e9474f, malware MassLogger
2020-10-05 14:59:20, 7ca20ed12a96338b2efca4412793475d, malware MassLogger
2020-10-05 15:00:59, c5cb2b438ba6d809f1f71c776376d293, botnet Mirari Ttint
2020-10-05 15:00:59, 733f71eb6cfca905e8904d0fb785fb43, botnet Mirari Ttint
2020-10-05 15:00:59, cfc0f745941ce1ec024cb86b1fd244f3, botnet Mirari Ttint
2020-10-05 15:00:59, a89cefdf71f2fced35fba8612ad07174, botnet Mirari Ttint
2020-10-05 15:00:59, 73ffd45ab46415b41831faee138f306e, botnet Mirari Ttint
2020-10-05 15:00:59, 4ee942a0153ed74eb9a98f7ad321ec97, botnet Mirari Ttint
2020-10-05 15:00:59, 6bff8b6fd606e795385b84437d1e1e0a, botnet Mirari Ttint
2020-10-05 15:00:59, 3e6a16bcf7a9e9e0be25ae28551150f5, botnet Mirari Ttint
2020-10-06 14:54:39, 6d719c9a7538e24bc23400b446d94010, malware IPStorm
2020-10-06 14:54:39, 98c8ecb1d107e6b978b8f279ce412b6d, malware IPStorm
2020-10-06 14:54:39, becad26802d775c09bc46a07f31ddf47, malware IPStorm
2020-10-06 14:54:39, af91346509748f038726bbf3c1a6dcef, malware IPStorm
2020-10-06 14:54:39, 2ecb293f939a68c30fa99ff32eebed39, malware IPStorm
2020-10-06 14:59:01, e5fa44fdc9b14c13d3920bad49f0fff3, Slothfulmedia
2020-10-06 14:59:01, f88720ff3f0e53ad5285e5276d58c1fe, Slothfulmedia
2020-10-06 14:59:01, b184312eab93e4a2e3eae3ef085ad808, Slothfulmedia
2020-10-06 14:59:01, e97963d17caf695abc68ee6a297d6eb7, Slothfulmedia
2020-10-06 14:59:01, 448838b2a60484ee78c2198f2c0c9c85, Slothfulmedia
2020-10-06 14:59:01, 92a40c64cea4a87de1c24437612f2e0f, Slothfulmedia
2020-10-06 14:59:01, 9f23bd89694b66d8a67bb18434da4ee8, Slothfulmedia
2020-10-07 12:44:38, 18ef846b444726a747a4b107acb88752, Zerolgon
2020-10-07 12:44:38, 4bc217374731ae8289936ba2e422af76, Zerolgon
2020-10-07 12:44:38, d2d9898666f79d1a372aaf3abf3a3782, Zerolgon
2020-10-08 09:05:10, a3a0a6cc5cd9044500e0c4eb42095309, Agent Tesla
2020-10-08 09:05:10, 2bddf5266cce123604b0c5ee30717959, Agent Tesla
2020-10-08 09:19:47, 2140ca6858e34458ee38a685921a66d5, malware IceID
2020-10-08 09:19:47, 9b497b1ccdc0d45fbb6b4fa30d0acad7, malware IceID
2020-10-08 15:27:23, 75363103bb838ca8e975d318977c06eb, cryptominer Black-T
2020-10-08 15:27:23, 8ffdba0c9708f153237aabb7d386d083, cryptominer Black-T
2020-10-08 15:27:23, 1238baab2e029d86f29fa1e67671a95c, cryptominer Black-T
2020-10-08 15:27:23, cdc433224a594395f16fcd637050bff7, cryptominer Black-T
2020-10-08 15:27:23, 8007d1507587af220ebaa4fbf4311a72, cryptominer Black-T
2020-10-08 15:27:23, a315439d6c1a769f7f751b1744a2a075, cryptominer Black-T
2020-10-08 15:27:23, 48858971bb4f5bcd6a972cbdaabfe9ea, cryptominer Black-T
2020-10-08 15:27:23, df386df8c8a376686f788ceff1216f11, cryptominer Black-T
2020-10-08 15:27:23, b0dc91d2591c46944976697b3c5b002e, cryptominer Black-T
2020-10-08 15:27:23, 3acc4bb5971c31c7544378a448fa8ff0, cryptominer Black-T
2020-10-08 15:27:23, 492ffed6e5cdc872f00a3f8b7cd3e512, cryptominer Black-T
2020-10-08 15:29:14, 545ed63d9b6e9ecf23165f05eb9ac1e2, trojan Ursnif
2020-10-08 15:29:14, 5f1556a1af8775bd1dea75a2316fe01b, trojan Ursnif
2020-10-08 15:29:14, ae151b8df84809d2f5ffdd7b1271f012, trojan Ursnif
2020-10-08 15:29:14, 8f869e02aee59e0d72eb947ac8196846, trojan Ursnif
2020-10-08 15:29:14, 0925aa7aaeaafb76a29b7c75484774c3, trojan Ursnif
2020-10-08 15:29:14, b7e22101c1c646165c6cb939e2b7eb73, trojan Ursnif
2020-10-08 15:29:14, a9b78d3c174a262bcf085609ea84e93c, trojan Ursnif
2020-10-08 15:29:14, 83f2a1330cda66b03678fdc433d3ee31, trojan Ursnif
2020-10-08 15:29:14, 1321194821b76affb2ec14e71642816b, trojan Ursnif
2020-10-08 15:29:14, 4bb1134afadf7e4d979ecab5caf97d5d, trojan Ursnif
2020-10-08 15:29:14, 0873fbd855ee5a80fbc3cefbc5c6193e, trojan Ursnif
2020-10-08 15:29:14, ac598e1560269a27a9b076c97a35c5d7, trojan Ursnif
2020-10-08 15:29:14, 320693ead90438fc1bfd26a76ddb0cea, trojan Ursnif
2020-10-08 15:29:14, 0e8de325670b27bbd58e0591c7ee64a7, trojan Ursnif
2020-10-08 15:29:14, f80b828e7655553c335aed633471e8ef, trojan Ursnif
2020-10-08 15:29:14, 5e3c503981b4b7a83672b67a78106bee, trojan Ursnif
2020-10-08 15:29:14, 15c81ef59755c099a84dcf6aae170c24, trojan Ursnif
2020-10-08 15:29:14, 024e9a9373b0a3b873623ea2da8b5f6b, trojan Ursnif
2020-10-08 15:29:14, 09ec7ca300571871574429282212727c, trojan Ursnif
2020-10-08 15:29:14, 1510b5dde423c41a7e4b3b3a2a9f9542, trojan Ursnif
2020-10-08 15:29:14, 280c82dd7b67bbf7468bcd9ae43798bd, trojan Ursnif
2020-10-08 15:29:14, e3f141570573d92b48e31ad6ecedd203, trojan Ursnif
2020-10-08 15:29:14, c776219b2d13930def885f5660ad7077, trojan Ursnif
2020-10-08 15:29:14, 3cbd78e900d1548cb5b61324d52cc76b, trojan Ursnif
2020-10-08 15:29:14, 2e9bd968946d127c9467c35329f994bc, trojan Ursnif
2020-10-08 15:29:14, 2e498c99638f430fd6beab8c97722996, trojan Ursnif
2020-10-08 15:29:14, a020623ac358d15ab3669acb19b90540, trojan Ursnif
2020-10-08 15:29:14, cc530a239241a1388c218699244115b0, trojan Ursnif
2020-10-08 15:29:14, b834262ee59348ec5a16322cc5ca4967, trojan Ursnif
2020-10-08 15:29:14, be7aae6eee7435a90c5a2c3c93ea0f02, trojan Ursnif
2020-10-08 15:29:14, 8c82bd0dbc874303a1863d75bd214c99, trojan Ursnif
2020-10-08 15:29:14, eb7f31090da590cc85c0c0ad0b900051, trojan Ursnif
2020-10-08 15:29:14, 131acc020f665ac733693a7066a50fab, trojan Ursnif
2020-10-08 15:29:14, fafb27e6166af0c5bda0dd3d693d8cb1, trojan Ursnif
2020-10-08 15:29:14, daa735e9157870092d4e711b69d5aeb7, trojan Ursnif
2020-10-08 15:29:14, ee6efb281d4a7992330fb9f5c3bae099, trojan Ursnif
2020-10-08 15:29:14, e6b42dc386d020e7dec0fc011d531d6c, trojan Ursnif
2020-10-08 15:29:14, 505e55ac01ebab4d12e8a4ea0631f070, trojan Ursnif
2020-10-08 15:29:14, 367fc34ec14bc8ce7345fa56f47244c7, trojan Ursnif
2020-10-08 15:29:14, 7af794aa51e3fe09a790a38e6ace1f31, trojan Ursnif
2020-10-08 15:29:14, eebf9f6b79ec8e0571dd2f4eda7ac5b2, trojan Ursnif
2020-10-08 15:29:14, cb4ef23cd8f0b6da7ad858b9350106bd, trojan Ursnif
2020-10-08 15:29:14, 242202277fee717799f685b3a544e20e, trojan Ursnif
2020-10-09 16:41:53, 1810810848934beaa8bb188be96d3711, malware fileless
2020-10-09 16:41:53, 9df7633877da59b1eb4dcee03479160e, malware fileless
2020-10-09 16:41:53, 0b82485b6bbb3aec9dba3bbbc5a4d04b, malware fileless
2020-10-09 16:41:53, dfd2147a425cbb72759b0bb82523a2a0, malware fileless
2020-10-09 16:52:44, 1814403c852608c1d8a99487ece2b967, malware Emotet
2020-10-09 16:52:44, a6ee43aaa4f9e48985fdec575099f3d5, malware Emotet
2020-10-09 16:52:44, 9d41b954e4d8fc322795b34de35f9c8e, malware Emotet
2020-10-09 16:52:44, 53fd57b159cc3137cd91efa9ee4e104d, malware Emotet
2020-10-09 16:52:44, 5ad73100380bef4c3fa7294b41f7f7c2, malware Emotet
2020-10-09 16:52:44, 6af30863a1612016c4b31d74286f0c2a, malware Emotet
2020-10-09 16:52:44, 9b0503dc465292f397abc3a55de1a180, malware Emotet
2020-10-09 16:52:44, efdf1ccfd6f483dae575e2af0f117c06, malware Emotet
2020-10-09 17:11:20, c2c26a7b2a5412c9545a46e1b9b37b0e, botnet HEH
2020-10-09 17:11:20, bd07315639da232e6bb4f796231def8a, botnet HEH
2020-10-09 17:11:20, 66786509c16e3285c5e9632ab9019bc7, botnet HEH
2020-10-09 17:11:20, 43de9c5fbab4cd59b3eab07a81ea8715, botnet HEH
2020-10-09 17:11:20, 984fd7ffb7d9f20246e580e15fd93ec7, botnet HEH
2020-10-09 17:11:20, c1b2a59f1f1592d9713aa9840c34cade, botnet HEH
2020-10-09 17:11:20, 6be1590ac9e87dd7fe19257213a2db32, botnet HEH
2020-10-09 17:11:20, 4c345fdea97a71ac235f2fa9ddb19f05, botnet HEH
2020-10-09 17:11:20, 6c815da9af17bfa552beb8e25749f313, botnet HEH
2020-10-10 14:09:52, 82feca7a46ac2f66297bf389b6e225fa, malware LokiBot
2020-10-10 14:09:52, afe05e8d643e10f249c788455fdc0866, malware LokiBot
2020-10-10 14:09:52, ed45d393a6809a9e5d2afe8d633dcde3, malware LokiBot
2020-10-12 15:48:48, 3da45c89e8c848a0bf947826da6a2353, ransomware FONIX
2020-10-12 15:48:48, bc78b8d3dd5f890cefff8c323a3bb328, ransomware FONIX
2020-10-12 15:48:48, bf2035174c9154fd9da90777f5b1f3f7, ransomware FONIX
2020-10-12 15:48:48, 335b73763531b2cd8f3e54fa855105e1, ransomware FONIX
2020-10-12 15:48:48, 117a02e1513777085a5aafb07cbdb93b, ransomware FONIX
2020-10-12 15:48:48, 256f2f3c92d846110de5da3efafa2168, ransomware FONIX
2020-10-12 15:48:48, 71b664b09dd6463b23899855eb62681e, ransomware FONIX
2020-10-12 15:48:48, 28b65f5d83c943636a2bf7e2f3ec92b6, ransomware FONIX
2020-10-12 15:48:48, 3e5ada20299be979f36667a7c3051728, ransomware FONIX
2020-10-12 15:48:48, 781613b7534e6fbcc6a734c926b0a9f8, ransomware FONIX
2020-10-12 15:48:48, 5c87f80824d6e3483a4b2a5c71463e69, ransomware FONIX
2020-10-12 15:48:48, 332d27a562f479751422808a3a4b9971, ransomware FONIX
2020-10-12 15:48:48, 54bf409abe80ea662e8542c201bdfb86, ransomware FONIX
2020-10-12 15:57:07, 78f0ee320f66a7a5de5194e7cb873008, malicious Play Store app
2020-10-12 15:57:07, 28a078d2a500f5bfe58962e1fea1d41b, malicious Play Store app
2020-10-12 15:57:07, 04251025526323c6e8636a3b7c7efe6d, malicious Play Store app
2020-10-12 15:57:07, 40bdb44d3025148503c88e3db483f447, malicious Play Store app
2020-10-12 15:57:07, befa712bb030544b4087bbd995e7ba48, malicious Play Store app
2020-10-12 15:57:07, 204b649ef20619a149735f6035b6bf99, malicious Play Store app
2020-10-12 15:57:07, 071b1b10c6275f038d284b52d79a1c42, malicious Play Store app
2020-10-12 15:57:07, 2ec708356094d19279b448211f89fd61, malicious Play Store app
2020-10-12 15:57:07, bc7df772eb37c89b64a72a757f2ca1d5, malicious Play Store app
2020-10-12 15:57:07, adc1b0765a684c8c00118522631714dd, malicious Play Store app
2020-10-12 15:57:07, ae5fe2a3f788c508f8d2a9313c4799e1, malicious Play Store app
2020-10-12 15:57:07, b87ce146d5d0b64621ab82b99d883d96, malicious Play Store app
2020-10-12 15:57:07, b08502b468552c8308453836ce2ba908, malicious Play Store app
2020-10-12 15:57:07, bb69edf88caa0420b50f18964810b27c, malicious Play Store app
2020-10-12 15:57:07, 4f223794e570e94847687cd9ae881785, malicious Play Store app
2020-10-12 15:57:07, bddc6394578c3f15a8159f8202bf60a2, malicious Play Store app
2020-10-12 15:57:07, 526183c16a1005b55ae0e6389a149910, malicious Play Store app
2020-10-12 15:57:07, 5c45693b45a7bcba9862fad05fa53854, malicious Play Store app
2020-10-12 15:57:07, 0e352cf66d5300ddd304065a76be8e14, malicious Play Store app
2020-10-12 15:57:07, a7340df9ccd24fe4529c44126cb7a952, malicious Play Store app
2020-10-12 15:57:07, 8dd38018890aeba739c938916e7f3727, malicious Play Store app
2020-10-12 15:57:07, bc57bb1e74e4d0b34d2fcd4b69e4118a, malicious Play Store app
2020-10-12 15:57:07, 545a9e5b83b24d672bc5f8c259c23b35, malicious Play Store app
2020-10-12 15:57:07, e3633ddfc0b349fd435d473c517c9e96, malicious Play Store app
2020-10-12 15:57:07, 6fb3bbf330efe2ab1423ae3bd655eab1, malicious Play Store app
2020-10-12 15:57:07, f19bae00c088333f33c19a516d8d527f, malicious Play Store app
2020-10-12 15:57:07, 93b47b013506190d48f60131b85f136a, malicious Play Store app
2020-10-12 15:57:07, 110d0715aff2784ced69a764fc8d86e3, malicious Play Store app
2020-10-12 15:57:07, 2fab42d7fc54e5529ed7e6ad4ecbbb1a, malicious Play Store app
2020-10-12 15:57:07, 940f5c8a2a3bd0760ce20365ed0365a9, malicious Play Store app
2020-10-12 15:57:07, 04fde6a4a460a11568bc3793d7553ddb, malicious Play Store app
2020-10-12 15:57:07, 16294f6c77a0aa2c61de46489fcc3417, malicious Play Store app
2020-10-12 15:57:07, 73c52e130eeaff9d37152abe24ff407d, malicious Play Store app
2020-10-12 15:57:07, 86d1284dc54bae61af3c97df9d898a06, malicious Play Store app
2020-10-12 15:57:07, 49719467dbcdee0d4d564a4128fabe99, malicious Play Store app
2020-10-12 15:57:07, 55492be0e297acd00594dbe5b5b90666, malicious Play Store app
2020-10-12 15:57:07, 05f810b3bc3d582f1de92d7ca55f09d9, malicious Play Store app
2020-10-12 15:57:07, 9009c214baba186a002c4be90e8127d8, malicious Play Store app
2020-10-12 15:57:07, 7be64c2e869275cf704ad0bd7262796c, malicious Play Store app
2020-10-12 15:57:07, b7b230508f8ae8aa02d478888558c35f, malicious Play Store app
2020-10-12 15:57:07, eaad6f16e5ae3075f61724f66ce70ed1, malicious Play Store app
2020-10-12 15:57:07, 17bc83ed0eb5ed77bffbae8c4abb3501, malicious Play Store app
2020-10-12 15:57:07, 7b896feb1121e5ce7202ac4871dc14cd, malicious Play Store app
2020-10-12 15:57:07, ab05e56aa27d070ed1f34409eb0842aa, malicious Play Store app
2020-10-12 15:57:07, e0d4b92c2567affb0705af955b9518e1, malicious Play Store app
2020-10-12 15:57:07, 05c13d6f932eec4f444e1e8d85ab40de, malicious Play Store app
2020-10-12 15:57:07, 941005fc40e55899dd3c553eb1df8388, malicious Play Store app
2020-10-12 15:57:07, d77a12e32418f480d981f69ddc70bf0b, malicious Play Store app
2020-10-12 15:57:07, f06b04bc39b8cc6a3d71b7f14436cb45, malicious Play Store app
2020-10-12 15:57:07, 3750e5cfa1695617c4e597891bb4e809, malicious Play Store app
2020-10-12 15:57:07, 55fd99e79335c21f3d15c06ebe75ef2a, malicious Play Store app
2020-10-12 15:57:07, dfbf7e7ce5afb1e353dd7f657a24f26e, malicious Play Store app
2020-10-12 15:57:07, 5c9f220fed5f1b1b93d18d9c30d4b2bc, malicious Play Store app
2020-10-12 15:57:07, 82df2839432212a2e682cd8eb73bb230, malicious Play Store app
2020-10-12 15:57:07, 2d68ee4649b08776410413370e7964fc, malicious Play Store app
2020-10-12 15:57:07, 57990383fbaf2e49e0880cb100a8fd62, malicious Play Store app
2020-10-12 15:57:07, 3ca64f55b1e5000ce600034cb873054f, malicious Play Store app
2020-10-12 15:57:07, e6c4b93dbe903784bf5df76282809c04, malicious Play Store app
2020-10-12 15:57:07, b3d95a2d35ee62e6839411d5d079272b, malicious Play Store app
2020-10-12 15:57:07, 801a58ba50861a692e1cd5fab8fcd194, malicious Play Store app
2020-10-12 15:57:07, 1806c80dfee83f3bdcb6a753218e8a71, malicious Play Store app
2020-10-12 15:57:07, 36487995b2065b4c50db0974fed86b6f, malicious Play Store app
2020-10-12 15:57:07, e3d6ee9a01ff9f27dd12d33b6a7b66b9, malicious Play Store app
2020-10-12 15:57:07, 60a388fb455c1b4eee30897a02351bdf, malicious Play Store app
2020-10-12 15:57:07, 9d5acfcbe4aa035230d257a6932705ff, malicious Play Store app
2020-10-12 15:57:07, e5a880e372596aae23304ba6ae96d8e8, malicious Play Store app
2020-10-12 15:57:07, dcb5b8d8270b4a51a7702fa716ff9bc2, malicious Play Store app
2020-10-12 15:57:07, e5df2cdb7a2dcd3f6d0644bc34d6035f, malicious Play Store app
2020-10-12 15:57:07, e9a9b97d00b9efddc39f40e8ddd6da3c, malicious Play Store app
2020-10-12 15:57:07, 3a536cdf086ee98dd184c53bd64e4ffd, malicious Play Store app
2020-10-12 15:57:07, 7fcfb98375adaa6cc484cffcd41ffd2f, malicious Play Store app
2020-10-12 15:57:07, 6f5bf6bf43bf029fb254d2fb782c7a32, malicious Play Store app
2020-10-12 15:57:07, cdec7e300cfdb64555a217d8f51d306f, malicious Play Store app
2020-10-12 15:57:07, cf5a3e17465fd81a811f519d3465c77a, malicious Play Store app
2020-10-12 15:57:07, 3d17207d51936eca87b880266ab67bf8, malicious Play Store app
2020-10-12 15:57:07, 71b6dbcf8acc6d6c6cf3166e61f2feaa, malicious Play Store app
2020-10-12 15:57:07, acc27a14f036bdd47438ea09908fcd69, malicious Play Store app
2020-10-12 15:57:07, 37586a958e79422c2fca5cf0c174e86d, malicious Play Store app
2020-10-12 15:57:07, 11fb89d3931da26454783dc00c34816d, malicious Play Store app
2020-10-12 15:57:07, 14550303bb4b268c689bb4293dcee289, malicious Play Store app
2020-10-12 15:57:07, 46438d17e70b5165ea11c73766a495e0, malicious Play Store app
2020-10-12 15:57:07, 2f65925a529cd087dde2a51ba29b16b4, malicious Play Store app
2020-10-12 15:57:07, d4d99873da43d32d7a0be2b6811e15ea, malicious Play Store app
2020-10-12 15:57:07, 7443a2a4cfa5d9b69bbabaaecaf8edcd, malicious Play Store app
2020-10-12 15:57:07, eec3889e812dc733b53bb9b32f33eb31, malicious Play Store app
2020-10-12 15:57:07, 5eabf15cf655eddfc8263eda217245e0, malicious Play Store app
2020-10-12 15:57:07, 2f3dcf62ac985031d358b884fd86fbf5, malicious Play Store app
2020-10-12 15:57:07, a64ab2b9af4336855b7344c80acbafb3, malicious Play Store app
2020-10-12 15:57:07, 5ff61232930ec75b376d231bb39423fa, malicious Play Store app
2020-10-12 15:57:07, 38f10ea49a67dc5e3c42043084a0211c, malicious Play Store app
2020-10-12 15:57:07, 546685dec288952a22c4efa496ccc521, malicious Play Store app
2020-10-12 15:57:07, 742de75afaeeafaf75b2273fa36bf34c, malicious Play Store app
2020-10-12 15:57:07, 221bdb2ac52ed763160faef9c63c5679, malicious Play Store app
2020-10-12 15:57:07, b0dc18176ac18fcae18fe61b8a397f44, malicious Play Store app
2020-10-12 15:57:07, 7363abef6b9f595e77b5494953bf0d35, malicious Play Store app
2020-10-12 15:57:07, c457219c54f425b4e60e5ac7f2a1d2d3, malicious Play Store app
2020-10-12 15:57:07, 80ce85bda2994d6e5c2eb63233a2b79b, malicious Play Store app
2020-10-12 15:57:07, b857da1fd53f743a5e67ce20987d969f, malicious Play Store app
2020-10-12 15:57:07, b7f629626bf39d85cb9cad938e06e915, malicious Play Store app
2020-10-12 15:57:07, 63afd29c5e925b8cd647823aa1641ecb, malicious Play Store app
2020-10-12 15:57:07, c6cb9e55cadfcb7deb591f3ac0f9d240, malicious Play Store app
2020-10-12 15:57:07, 1f50aebf88ef1891088a741e7f8710f1, malicious Play Store app
2020-10-12 15:57:07, 3b431fb2299304db1dc9ccb6f5fc453b, malicious Play Store app
2020-10-12 15:57:07, b779509aeb066a972cec186d0e3dccc9, malicious Play Store app
2020-10-12 15:57:07, d3169e6796b3e42800293dcc06501d9d, malicious Play Store app
2020-10-12 15:57:07, f37e23894e8b0d085467742d18c26d46, malicious Play Store app
2020-10-12 15:57:07, 54b649febdeaa6076fcee15d124ff59c, malicious Play Store app
2020-10-12 15:57:07, 12682388937f482770c8a21cd7794352, malicious Play Store app
2020-10-12 15:57:07, 57973e7a0cd393ba0b78f23cd558b1ab, malicious Play Store app
2020-10-12 15:57:07, 8972b02a3b738de88a3cfc842de2d8a6, malicious Play Store app
2020-10-12 15:57:07, a036e58880a95840ecc2af06e8713e79, malicious Play Store app
2020-10-12 15:57:07, 78d58d9504491a3a95b6a522240907a9, malicious Play Store app
2020-10-12 15:57:07, 7cb00fe0d04899d4227e59d29f3b6410, malicious Play Store app
2020-10-12 15:57:07, 15c1e76705f79399276fd634574104df, malicious Play Store app
2020-10-12 15:57:07, a6bdf0db60c64d25bd250b3b4ca737d0, malicious Play Store app
2020-10-12 15:57:07, 2ac54ab36509708b448171395bf50252, malicious Play Store app
2020-10-12 15:57:07, ea263aa74636cb87e7aead38e61c00c6, malicious Play Store app
2020-10-12 15:57:07, 0ccdaa72dfb815defd0ee529f7a386ce, malicious Play Store app
2020-10-12 15:57:07, 17da5d1d5dd214f7d9534d5af4a91e02, malicious Play Store app
2020-10-12 15:57:07, c05a80ce3eeb95745d6f674135547d5f, malicious Play Store app
2020-10-12 15:57:07, 42db70cc7660861991c40860cdf3ffe7, malicious Play Store app
2020-10-12 15:57:07, 29a9eb6c816bf5581ba3196fb1a96e5c, malicious Play Store app
2020-10-12 15:57:07, 3a2c4b62e15791bc058f14172ecadcc1, malicious Play Store app
2020-10-12 15:57:07, 7e68d113f9f5c1eb6ce4b0b67aef8a32, malicious Play Store app
2020-10-12 15:57:07, ef5b9274e33427103eecfccd82d0dc5b, malicious Play Store app
2020-10-12 15:57:07, 75c5e732e6b5f9580fe156725ff47321, malicious Play Store app
2020-10-12 15:57:07, 0dc755c930f04d94cc766cc24b22fe86, malicious Play Store app
2020-10-12 15:57:07, 148f7508a35dc495f5b2ceaa707e1030, malicious Play Store app
2020-10-12 15:57:07, 2bad3244b6506dc5e0faf1e436a5d6a5, malicious Play Store app
2020-10-12 15:57:07, c8dc2d97c2896944a1548ed60e8db912, malicious Play Store app
2020-10-12 15:57:07, 9ccaff01cc40a6ee154dacc28acb742c, malicious Play Store app
2020-10-12 15:57:07, 30cd449329cac5aae13f168563e4345a, malicious Play Store app
2020-10-12 15:57:07, 7566614c18be0b4c23d2dbb2bc420c0f, malicious Play Store app
2020-10-12 15:57:07, 88549869c0110e54ec752dbd1e5f66aa, malicious Play Store app
2020-10-12 15:57:07, c0e0f9da83321bf7fc342427c11515d3, malicious Play Store app
2020-10-12 15:57:07, 49346b10a892faf7e246f0b98040206d, malicious Play Store app
2020-10-12 15:57:07, 0521f9fbbfa412df9b2b7bbe179b9473, malicious Play Store app
2020-10-12 15:57:07, fc2586fdb1dc56c509100396ebb5467f, malicious Play Store app
2020-10-12 15:57:07, 8784395fdb7ed648ce152ef1173a53a2, malicious Play Store app
2020-10-12 15:57:07, b7566506a04cf1effce9359e67df5284, malicious Play Store app
2020-10-12 15:57:07, 81752036b124ed316f5d40490cab5c33, malicious Play Store app
2020-10-12 15:57:07, 81e9e6f2900750cb22c18ca16ecad839, malicious Play Store app
2020-10-12 15:57:07, c1018ae80f622230c5349ce8a8dc2562, malicious Play Store app
2020-10-12 15:57:07, 3647f740aefbdfc97c329ae26c86b63e, malicious Play Store app
2020-10-12 15:57:07, 1f78f59f1c31d819c03bcf8a2cc5cb96, malicious Play Store app
2020-10-12 15:57:07, 71e5e432a28796f11351e15ba2ff91e2, malicious Play Store app
2020-10-12 15:57:07, e9f555a6f587cad979dc0367d3444b2c, malicious Play Store app
2020-10-12 15:57:07, 6ff847acfb29d7a7f853a0ef98520710, malicious Play Store app
2020-10-12 15:57:07, e0464e6c76345abdf2737ccb1a20fb64, malicious Play Store app
2020-10-12 15:57:07, 2b06157a8ab0de9618d96a4ae2504903, malicious Play Store app
2020-10-12 15:57:07, c8026f8ae36cdeb19ab0ac88fa19c39c, malicious Play Store app
2020-10-12 15:57:07, eb01328331c81b3927d541319164a56f, malicious Play Store app
2020-10-12 15:57:07, b292d17f4eef5e9e361179e20ac67f38, malicious Play Store app
2020-10-12 15:57:07, 5ce10f431718174c9f28aefd6fa4eb88, malicious Play Store app
2020-10-12 15:57:07, cb0eed06e33a4e77eed4e11b9ec5ed3d, malicious Play Store app
2020-10-12 15:57:07, b4d3fe5894ec7e288f83349557f0b60a, malicious Play Store app
2020-10-12 15:57:07, 5f3a4f99c0dc1c5a961b6a7465d31408, malicious Play Store app
2020-10-12 15:57:07, 331021d1fb3d8e2fa7de70823b7b224c, malicious Play Store app
2020-10-12 15:57:07, a43885932b670d0cb022872c603ec122, malicious Play Store app
2020-10-12 15:57:07, 12b48b7e6857cc4235ca436c857ada63, malicious Play Store app
2020-10-12 15:57:07, 0903a1b8ed6114aadd83d23a53142ef9, malicious Play Store app
2020-10-12 15:57:07, 6d3f11166adb8502d6ed9b8cb44835dc, malicious Play Store app
2020-10-12 15:57:07, 80845fd1b0558d3e54b9828543fd6e45, malicious Play Store app
2020-10-12 15:57:07, 383fd50f54c43eed1059ffc914ff470b, malicious Play Store app
2020-10-12 15:57:07, 3f498d697124835ba2a7d6a839230940, malicious Play Store app
2020-10-12 15:57:07, 259d8823fcd6d2634660cdfe5369df06, malicious Play Store app
2020-10-12 15:57:07, 6cd44f04619ec52f71aed76819a4c879, malicious Play Store app
2020-10-12 15:57:07, 61b837c8004a47a3f5da2ac8d44dc4f4, malicious Play Store app
2020-10-12 15:57:07, 8c7d408765ca39ef8df036b5ee2e02a2, malicious Play Store app
2020-10-12 15:57:07, 1465c1522ebb85027e7b6455f082d8f6, malicious Play Store app
2020-10-12 15:57:07, 236d3841db80b4d6e1afd50cb92ba715, malicious Play Store app
2020-10-12 15:57:07, 8e7d907575414d2ca20f8122d17a9580, malicious Play Store app
2020-10-12 15:57:07, 61b272e26b55de2f69d3760e94048d02, malicious Play Store app
2020-10-12 15:57:07, be0786d9c37f8a5fc2ca13c999a891fc, malicious Play Store app
2020-10-12 15:57:07, 2e692aa6c2377945820a789b98ce634c, malicious Play Store app
2020-10-12 15:57:07, 8f6b7efbb1d3e2f1a0f32ca8fc3aa483, malicious Play Store app
2020-10-12 15:57:07, 9cb6249d87fee006c277bfa2cb1f6cff, malicious Play Store app
2020-10-13 13:03:09, 66c8512f4bd4dadb8e8a7d691ffb86b2, malware LokiBot
2020-10-13 13:03:09, de3e362042d030208365d8a577cf5b14, malware LokiBot
2020-10-14 16:13:12, efb414c4db4f8fe7b17ea94f3bf18de6, trojan Ursnif
2020-10-14 16:13:12, 4639d4fe78f8cc12c8a837136fa0bd82, trojan Ursnif
2020-10-14 16:13:12, 3f0b0979ee7cf9bd934d2629e82de0ed, trojan Ursnif
2020-10-14 16:13:12, 857cfce5f415c330f16bde8bd48aa4ff, trojan Ursnif
2020-10-14 16:13:12, 07cc6d8444361083195b672f8735e48d, trojan Ursnif
2020-10-14 16:13:12, 8ca4f2139a53295effab0e710ab339a3, trojan Ursnif
2020-10-14 16:13:12, dc8f96713ad4df5054f503963e5e63df, trojan Ursnif
2020-10-14 16:13:12, 724f70d56215484778c96c265d2a2cd8, trojan Ursnif
2020-10-15 14:09:38, 83d61733dae28132bbfc714fc4c8c061, Agent Tesla
2020-10-15 14:09:38, f76f3adcddd62fc91d7ca6154af2a0ef, Agent Tesla
2020-10-15 14:09:38, cbb94aa4e6538c9ee09d79c88558286b, Agent Tesla
2020-10-15 14:09:38, 17a416cb568f429d73cc5b234d2b59fd, Agent Tesla
2020-10-15 14:09:38, 93cc6e02d0a026a0025c8a1f69e3efe2, Agent Tesla
2020-10-16 15:52:29, cffd3eab1c466244c34489104e0d0d98, malicious xls (INPS)
2020-10-16 15:52:29, 839d18efaba4c44fbf65eea3754fbd5d, malicious xls (INPS)
2020-10-16 15:52:29, 629091cdc7768b03ecda455fcd05945b, malicious xls (INPS)
2020-10-16 15:52:29, 1d025d46dca0693e934dee49c03974b6, malicious xls (INPS)
2020-10-16 15:52:29, f91a492b468a23afda86083564b29c86, malicious xls (INPS)
2020-10-16 15:52:29, 965cf9a011451d8bec5be0f56ff3a740, malicious xls (INPS)
2020-10-16 15:52:29, ec1763176f5539ebd4f6b9934da2a7c6, malicious xls (INPS)
2020-10-16 15:52:29, 291b30cf2695d400b629f9d439039308, malicious xls (INPS)
2020-10-19 15:40:12, cb74809ec37a0a9fe358fa1d5da8744a, botnet Mirai
2020-10-19 15:40:12, a25b5440679ba4a8a3dd340c2105b7b8, botnet Mirai
2020-10-19 15:40:12, 52ec48406d3906106090fcd420f56fbc, botnet Mirai
2020-10-19 15:40:12, 7de43145c2653f71d1e5d213101e475c, botnet Mirai
2020-10-19 15:40:12, 3b0bfd34209de219263e5a0aa806253c, botnet Mirai
2020-10-19 15:40:12, 6b2af182a982cba0d54d20b092710edb, botnet Mirai
2020-10-19 15:40:12, 7f9d508d9bf89b5253211ea98ce46ce0, botnet Mirai
2020-10-19 15:40:12, 09af585c0c50430205a2d4ddbd415053, botnet Mirai
2020-10-19 15:40:12, 61c2df241027bd9f9ed3259d23c37495, botnet Mirai
2020-10-19 15:40:12, 2781d0e0b68960d153c4a6b09f33e868, botnet Mirai
2020-10-19 15:40:12, e34770906b7abb62ebdf23f4c2c49ac6, botnet Mirai
2020-10-19 15:40:12, 0e6cd0c0ffa001fcfd938f1ed134372e, botnet Mirai
2020-10-19 15:40:12, 3e21071072337a705d539028bbb43392, botnet Mirai
2020-10-20 14:03:36, d0cd47b40830d0a881fed5d7f00c3c97, Agent Tesla
2020-10-20 14:03:36, 89fd2d39acb29d1e884844f5b0d62e1e, Agent Tesla
2020-10-21 15:13:55, ea326b1f3f99495aad1986cd9762d5de, malware Emotet
2020-10-21 15:13:55, 3f71929fd106d16dc2f238228e57adb7, malware Emotet
2020-10-21 15:13:55, e7879f9b7edeb4e39a75c38c3440c3e3, malware Emotet
2020-10-21 15:13:55, 9cfc2b33bce9de7e94c5d8a5cabd1ada, malware Emotet
2020-10-21 15:13:55, f27681f87bd94d316e0c32ffed2ba0df, malware Emotet
2020-10-21 15:13:55, 3ed12c58f53382fc59e70489db78d40d, malware Emotet
2020-10-21 15:13:55, 3b5aed6f34d839eedc1c6e8d138247ac, malware Emotet
2020-10-21 15:13:55, ae9aca107d500b132828e06b3aa42350, malware Emotet
2020-10-21 15:13:55, 37f0e2fd22b24167f1d588166944fe9e, malware Emotet
2020-10-21 15:13:55, c2aab3c8a2756be8b2cc012e5610e947, malware Emotet
2020-10-21 15:13:55, 950a7a02c97eed309ee94804d5f8c018, malware Emotet
2020-10-21 15:13:55, 241b2ef76e651323466c52bbac14e30b, malware Emotet
2020-10-21 15:13:55, af6f363bc95671e19430ff330fb3baa2, malware Emotet
2020-10-22 08:24:16, 3c6238501ffbb4f1334e2bd82698b2fe, malicious xls (INPS)
2020-10-22 08:24:16, 5103c9912df0b9aa3cb8029e4284140f, malicious xls (INPS)
2020-10-22 08:24:16, 6471c00af54019d38d0db6026a101704, malicious xls (INPS)
2020-10-22 08:24:16, 692cd6813599aa9fae57323d14759045, malicious xls (INPS)
2020-10-22 08:24:16, 88f1f262f2a14c645e55862ddca65815, malicious xls (INPS)
2020-10-22 08:24:16, b35ca26e7f5c7dc7438ea62892d00a98, malicious xls (INPS)
2020-10-22 08:24:16, 69ec5ffde7eb0e7c46638e2f6f3a1523, malicious xls (INPS)
2020-10-22 08:24:16, e2739b11fa9ef4ddee5f9ab41b1a56ff, malicious xls (INPS)
2020-10-22 08:24:16, 450e704a0e7bdf1683b9b971a6476f18, malicious xls (INPS)
2020-10-22 08:24:16, d79d0f4fff111e7d42adf9bcdaefffc0, malicious xls (INPS)
2020-10-22 15:27:21, 330fbf5bfa5f9e662d2e6e6a7c902c5c, trojan Dridex
2020-10-22 15:27:21, e664aa0b2b6b11767e608a503637407f, trojan Dridex
2020-10-22 15:27:21, 0ec3a0613d2fc39417eaccebaedfcdf0, trojan Dridex
2020-10-22 15:27:21, dcf2227479f4f2a37f4ffdfc7c4b1f0f, trojan Dridex
2020-10-23 13:45:16, df7ce0eb16f62802bd212dd17f4f1468, malware Formbook
2020-10-23 13:45:16, fbe3c51eade37103f82ec9f200e6d7b0, malware Formbook
2020-10-29 18:43:59, 7d3f19b760cb1958a2c4d9ca7492c406, Ryuk Ransomware
2020-10-29 18:43:59, 437262fa4eaf6c91c40a40789ae11d33, Ryuk Ransomware
2020-10-29 18:43:59, 346b425b00e3a21e88d1c79649011183, Ryuk Ransomware
2020-11-02 17:44:38, 6fdb7da68b1b780dc602f98fa89a05a8, malware Buer
2020-11-02 17:44:38, d63d03d7c25fab5c2bf8a3bdbf976e50, malware Buer
2020-11-02 17:44:38, 8b44470c7ff69ae671ff6e04550ee15f, malware Buer
2020-11-03 17:12:23, a216c284ec62f79239204d358030b247, Agent Tesla
2020-11-03 17:12:23, 1c6acfad45e467f2f2ca0807856c9102, Agent Tesla
2020-11-03 17:14:09, 9a2e64831f31da5b79e165fceac2cf64, AKO Ransomware
2020-11-03 17:15:42, 379a572716fa940bf8bc995a32158b61, Everbe Ransomware
2020-11-06 14:23:37, f3076add8669d1c33cd78b6879e694de, Pay2Key Ransomware
2020-11-06 14:23:37, 4e615861b6d7d778fdc1ac2a61148fe9, Pay2Key Ransomware
2020-11-06 14:23:37, 7db5dd6f2231da6eb07d907312b1abe9, Pay2Key Ransomware
2020-11-06 17:27:57, 8ca0251bc340fc207e6f832eb6165b8d, CobaltStrike Malware
2020-11-11 17:36:57, a94a8f685934266f04bef4a7e0fb8987, trojan Ursnif
2020-11-11 17:36:57, 7ad548c5b74298b050ccd9fd11871d7c, trojan Ursnif
2020-11-11 17:36:57, 49afa7e07156e1f5e533c851457c153a, trojan Ursnif
2020-11-11 17:36:57, 169b540599841b2d7629224827f400ad, trojan Ursnif
2020-11-17 12:17:52, 5384e1ab95d2cbac7e4cd5b781ad2520, CRAT Malware
2020-11-17 12:17:52, 8218dff08a220cff19b52569b33f7cf0, CRAT Malware
2020-11-17 12:17:52, 2b326540fdf2989742000b1506770663, CRAT Malware
2020-11-17 12:17:52, fa66580ff6990de17af24b028204c094, CRAT Malware
2020-11-17 12:17:52, 46d6a3ad1fe0016b4f252894ca340a45, CRAT Malware
2020-11-17 12:17:52, c0edc56f995ea75199cecc5fc07418f0, CRAT Malware
2020-11-17 12:17:52, ccdb051ad65d9f443206d659427d155f, CRAT Malware
2020-11-17 12:17:52, 18833939ade00657f8ea111c579d5c1b, CRAT Malware
2020-11-17 12:17:52, 6dafaabebf243e1ad2e5b49178230eb6, CRAT Malware
2020-11-19 17:12:24, fc6b65df2045577c2ebe213e9fb519c2, malware Gozi\Ursnif
2020-11-19 17:12:24, 8835989f1e150eea33d2c96c2a7b4aa8, malware Gozi\Ursnif
2020-11-19 17:12:24, 7e19f1e3667c61be69b24e5a820392d6, malware Gozi\Ursnif
2020-11-19 17:12:24, b3b91ca3c10da94ad224c3a179249e3b, malware Gozi\Ursnif
2020-11-19 17:12:24, f42aafdbdc0dfcea33cacc065a7ed64f, malware Gozi\Ursnif
2020-11-19 17:12:24, b1a199b3bd47cb4af5a75328c0a8ed36, malware Gozi\Ursnif
2020-11-19 17:12:24, 1f29be209fd50a1c5a2e836b885e4e07, malware Gozi\Ursnif
2020-11-19 17:12:24, 1f820167d901345a2f14fd588fe0260b, malware Gozi\Ursnif
2020-11-19 17:12:24, 3c4804307010574bc5c94c57ea8d3135, malware Gozi\Ursnif
2020-11-19 17:12:24, 7ead3c0cafdeacac6ff693674322ca52, malware Gozi\Ursnif
2020-11-19 17:12:24, 3bd94cd9d5af80967956a0c2789bf180, malware Gozi\Ursnif
2020-11-20 17:10:01, 72a4c5ae2e38026b0007f6e3fba9824e, malicious Google Play clone
2020-11-23 15:03:59, b27a0916e02b6cca373f3bf0872a2c3c, trojan Dridex
2020-11-23 16:47:32, 7b593f53b526a40f70ce2290bf344fa8, malware sLoad
2020-11-23 16:47:32, 2516ce6477a737bccc14895f60c709a2, malware sLoad
2020-11-23 16:47:32, 91aef89567103629b8c2f74753f9fd0c, malware sLoad
2020-11-23 16:47:32, a5201d16e110d1f65037f054b1218164, malware sLoad
2020-11-23 16:47:32, e75050a6b939f0a7421e852161c8f06e, malware sLoad
2020-11-23 16:47:32, 598942571fc90c84f95a0aba1e36eed3, malware sLoad
2020-11-23 16:47:32, 4f9a5b9ae2bbfc7cbaeee6f36a211dab, malware sLoad
2020-11-23 16:47:32, de2fd71c6627db2671798067fd9da6d0, malware sLoad
2020-11-23 16:47:32, 04f94eb53a6f33960d4586cfb1abcdbe, malware sLoad
2020-11-23 16:47:32, 102c6751c2ba1c7dd4597f975f774c49, malware sLoad
2020-11-23 16:47:32, 36ff08a323df1d0fc02d37b48d7b2196, malware sLoad
2020-11-23 16:47:32, 50206456bc9820c6c063881114085edc, malware sLoad
2020-11-23 16:47:32, 1495f64a71982857cd87fffc576f3fa6, malware sLoad
2020-11-23 16:47:32, 34cccb424d6ea5b8af04476322ab335b, malware sLoad
2020-11-23 16:47:32, 9779fcbdb8e9671f9c37370c40ad64c3, malware sLoad
2020-11-23 16:47:32, 0455fc982fa3df181e92953ed4134b27, malware sLoad
2020-11-23 16:47:32, c749f2cae23e4fce4edfc326c85d3c3f, malware sLoad
2020-11-23 16:47:32, 35484b3d25cdc9dea9c2df1583722173, malware sLoad
2020-11-23 16:47:32, f7baf3b1ca6ed566d2ac1901dee9cf5b, malware sLoad
2020-11-23 16:47:32, d63dca3766b4577f37e5f9e0342db905, malware sLoad
2020-11-25 16:22:28, 21f14fd3e3959e8ee834ea24f931c0b3, trojan Ursnif
2020-11-25 16:22:28, ed0ffd929f636b7f1508e54fc28a65cd, trojan Ursnif
2020-11-25 16:22:28, 0864e23b9d674ca5b6ae7119cdaced98, trojan Ursnif
2020-11-25 16:22:28, df765ccd4b1c44dade295ab32b43a73e, trojan Ursnif
2020-11-25 16:22:28, 4c63dbcdb03dac0c78bb21d1de12ec60, trojan Ursnif
2020-11-25 16:22:28, a6d5878e92500ab9377a8b174597d9a4, trojan Ursnif
2020-11-25 16:22:28, f72f88ebdf048fdfedf0aa3e298d9e71, trojan Ursnif
2020-11-27 16:13:27, 238516528d09279a7d6cf358db029984, malware LokiBot
2020-11-27 16:13:27, fb3def33f3caf6589422e46c27382c94, malware LokiBot
2020-11-27 16:13:27, 43d6527a819fd60a3e715935f90487fe, malware LokiBot
